<?xml version="1.0" encoding="UTF-8"?>
<office:document-meta xmlns:office="urn:oasis:names:tc:opendocument:xmlns:office:1.0" xmlns:xlink="http://www.w3.org/1999/xlink" xmlns:dc="http://purl.org/dc/elements/1.1/" xmlns:meta="urn:oasis:names:tc:opendocument:xmlns:meta:1.0" xmlns:ooo="http://openoffice.org/2004/office" xmlns:grddl="http://www.w3.org/2003/g/data-view#" office:version="1.2"><office:meta><meta:initial-creator>melanie pereyra</meta:initial-creator><meta:editing-cycles>3</meta:editing-cycles><meta:creation-date>2025-10-28T01:22:00</meta:creation-date><dc:date>2025-11-28T19:00:18.144000000</dc:date><meta:editing-duration>PT14M45S</meta:editing-duration><meta:generator>Trio_Office/6.2.8.2$Windows_x86 LibreOffice_project/</meta:generator><meta:document-statistic meta:table-count="43" meta:image-count="137" meta:object-count="0" meta:page-count="54" meta:paragraph-count="2041" meta:word-count="9580" meta:character-count="43497" meta:non-whitespace-character-count="35755"/><meta:user-defined meta:name="AppVersion">16.0000</meta:user-defined><meta:user-defined meta:name="DocSecurity" meta:value-type="float">0</meta:user-defined><meta:user-defined meta:name="HyperlinksChanged" meta:value-type="boolean">false</meta:user-defined><meta:user-defined meta:name="LinksUpToDate" meta:value-type="boolean">false</meta:user-defined><meta:user-defined meta:name="ScaleCrop" meta:value-type="boolean">false</meta:user-defined><meta:user-defined meta:name="ShareDoc" meta:value-type="boolean">false</meta:user-defined><meta:template xlink:type="simple" xlink:actuate="onRequest" xlink:title="Normal" xlink:href=""/></office:meta></office:document-meta>